subreddit,post_year,Very Negative,Negative,Neutral,Positive,Very Positive
ALeague,2018,12,32,43,15,0
ALeague,2019,15,66,62,62,4
ALeague,2020,13,36,23,28,0
ALeague,2021,8,42,31,42,2
ALeague,2022,8,29,23,20,0
ALeague,2023,5,14,7,18,0
ALeague,2024,13,35,26,34,3
ALeague,2025,3,16,20,18,0
Bundesliga,2018,4,10,5,0,0
Bundesliga,2019,1,6,1,10,0
Bundesliga,2020,5,13,21,4,0
Bundesliga,2021,7,28,18,10,2
Bundesliga,2022,6,8,12,5,0
Bundesliga,2023,0,12,6,7,0
Bundesliga,2024,0,15,13,5,2
Bundesliga,2025,0,4,5,3,3
Championship,2018,1,4,5,1,0
Championship,2019,6,27,17,12,0
Championship,2020,12,10,21,11,5
Championship,2021,2,33,23,26,0
Championship,2022,12,56,59,37,4
Championship,2023,2,20,38,27,5
Championship,2024,8,13,21,18,14
Championship,2025,2,13,17,17,2
LaLiga,2018,0,0,0,0,0
LaLiga,2019,0,0,0,0,0
LaLiga,2020,2,9,2,2,0
LaLiga,2021,0,1,1,3,0
LaLiga,2022,1,2,0,1,0
LaLiga,2023,2,2,2,2,0
LaLiga,2024,0,3,3,6,0
LaLiga,2025,1,12,13,12,0
LeagueOne,2018,0,0,0,0,0
LeagueOne,2019,0,0,0,0,0
LeagueOne,2020,0,0,0,0,0
LeagueOne,2021,0,1,1,0,0
LeagueOne,2022,0,0,1,2,0
LeagueOne,2023,0,6,1,3,0
LeagueOne,2024,0,3,8,2,0
LeagueOne,2025,0,0,0,0,0
LigaMX,2018,4,11,10,10,0
LigaMX,2019,3,29,17,32,0
LigaMX,2020,0,1,1,1,0
LigaMX,2021,2,23,22,34,3
LigaMX,2022,2,25,11,27,12
LigaMX,2023,9,15,15,24,2
LigaMX,2024,34,76,49,76,2
LigaMX,2025,9,49,23,51,0
Ligue1,2018,10,16,10,15,0
Ligue1,2019,10,11,8,8,0
Ligue1,2020,0,3,2,4,0
Ligue1,2021,0,10,1,0,0
Ligue1,2022,4,13,4,10,0
Ligue1,2023,0,6,3,3,1
Ligue1,2024,0,0,0,0,0
Ligue1,2025,0,10,2,1,0
MLS,2018,4,19,39,29,7
MLS,2019,2,34,34,28,1
MLS,2020,0,9,10,14,0
MLS,2021,0,19,22,5,0
MLS,2022,8,28,35,21,0
MLS,2023,4,37,25,35,1
MLS,2024,9,53,43,34,6
MLS,2025,15,36,17,28,0
PremierLeague,2018,0,0,0,0,0
PremierLeague,2019,0,4,4,2,0
PremierLeague,2020,0,19,29,13,0
PremierLeague,2021,13,20,38,30,2
PremierLeague,2022,30,77,45,30,0
PremierLeague,2023,27,136,105,48,7
PremierLeague,2024,21,64,143,38,1
PremierLeague,2025,4,31,31,15,0
seriea,2018,0,0,1,0,0
seriea,2019,0,0,0,0,0
seriea,2020,0,0,0,0,0
seriea,2021,0,4,2,6,0
seriea,2022,3,23,14,8,0
seriea,2023,5,14,20,7,0
seriea,2024,2,11,5,6,0
seriea,2025,0,3,3,0,0
superlig,2018,2,8,9,0,0
superlig,2019,15,24,21,5,0
superlig,2020,3,34,36,20,5
superlig,2021,3,46,30,12,3
superlig,2022,4,17,17,18,0
superlig,2023,12,66,60,22,1
superlig,2024,19,91,63,57,21
superlig,2025,5,22,12,19,7
