,subreddit,post_year,Very Negative,Negative,Neutral,Positive,Very Positive
0,ALeague,2018,14,51,51,19,0
1,ALeague,2019,18,87,89,77,4
2,ALeague,2020,19,58,29,41,0
3,ALeague,2021,10,56,44,47,3
4,ALeague,2022,11,34,34,21,0
5,ALeague,2023,5,17,12,20,0
6,ALeague,2024,14,56,35,44,4
7,ALeague,2025,4,22,27,21,0
8,Bundesliga,2018,5,15,8,0,0
9,Bundesliga,2019,1,11,3,13,0
10,Bundesliga,2020,8,16,24,6,0
11,Bundesliga,2021,8,36,23,16,2
12,Bundesliga,2022,8,10,15,7,0
13,Bundesliga,2023,0,12,8,10,0
14,Bundesliga,2024,0,18,17,5,3
15,Bundesliga,2025,0,5,7,3,3
16,Championship,2018,1,5,8,1,0
17,Championship,2019,6,34,25,13,0
18,Championship,2020,12,13,28,14,6
19,Championship,2021,2,44,35,34,0
20,Championship,2022,14,81,76,52,5
21,Championship,2023,3,20,54,29,5
22,Championship,2024,10,17,30,23,14
23,Championship,2025,3,20,22,20,2
24,LaLiga,2018,0,0,0,0,0
25,LaLiga,2019,0,0,0,0,0
26,LaLiga,2020,2,9,2,4,0
27,LaLiga,2021,0,1,2,3,0
28,LaLiga,2022,2,3,0,1,0
29,LaLiga,2023,2,4,6,2,0
30,LaLiga,2024,0,4,4,7,0
31,LaLiga,2025,2,16,20,16,0
32,LeagueOne,2018,0,0,0,0,0
33,LeagueOne,2019,0,0,0,0,0
34,LeagueOne,2020,0,0,0,0,0
35,LeagueOne,2021,0,1,1,0,0
36,LeagueOne,2022,0,0,1,3,0
37,LeagueOne,2023,0,8,1,6,0
38,LeagueOne,2024,0,4,8,2,0
39,LeagueOne,2025,0,0,0,0,0
40,LigaMX,2018,4,18,16,13,0
41,LigaMX,2019,3,42,28,41,0
42,LigaMX,2020,0,1,1,2,0
43,LigaMX,2021,3,34,27,43,4
44,LigaMX,2022,2,39,17,40,13
45,LigaMX,2023,11,25,17,35,3
46,LigaMX,2024,45,113,67,95,3
47,LigaMX,2025,10,75,35,68,1
48,Ligue1,2018,10,20,13,20,0
49,Ligue1,2019,10,14,12,10,0
50,Ligue1,2020,0,3,3,5,0
51,Ligue1,2021,0,12,3,2,0
52,Ligue1,2022,6,17,8,12,0
53,Ligue1,2023,0,9,4,4,1
54,Ligue1,2024,0,0,0,0,0
55,Ligue1,2025,0,11,3,1,0
56,MLS,2018,4,26,51,37,9
57,MLS,2019,2,46,49,29,1
58,MLS,2020,0,12,15,16,0
59,MLS,2021,0,22,28,5,0
60,MLS,2022,13,40,44,30,0
61,MLS,2023,4,49,31,45,1
62,MLS,2024,13,64,55,41,6
63,MLS,2025,16,55,24,36,0
64,PremierLeague,2018,0,0,0,0,0
65,PremierLeague,2019,0,6,5,2,0
66,PremierLeague,2020,0,25,34,14,1
67,PremierLeague,2021,14,27,51,38,2
68,PremierLeague,2022,36,97,69,40,0
69,PremierLeague,2023,34,183,137,62,9
70,PremierLeague,2024,27,85,192,53,1
71,PremierLeague,2025,10,48,45,18,0
72,seriea,2018,0,0,1,1,0
73,seriea,2019,0,0,0,0,0
74,seriea,2020,0,0,0,0,0
75,seriea,2021,0,6,3,6,0
76,seriea,2022,3,28,19,10,0
77,seriea,2023,6,17,27,10,0
78,seriea,2024,2,12,7,7,0
79,seriea,2025,0,4,6,0,0
80,superlig,2018,4,10,12,0,0
81,superlig,2019,17,32,28,8,0
82,superlig,2020,4,51,56,25,5
83,superlig,2021,3,54,40,19,4
84,superlig,2022,4,22,28,26,0
85,superlig,2023,15,85,79,28,1
86,superlig,2024,26,131,98,82,24
87,superlig,2025,8,30,20,29,8
